Name,ImageLink,Price,Dimensions,Weight,Color,PrimaryMaterial,Height,Depth,Width,Price/cm2,ProductCategory,FileType
Lawson sofa,https://ii1.pepperfry.com/media/catalog/product/d/i/568x284/diego-2-seater-sofa-in-denim-blue-colour-by-woodsworth-diego-2-seater-sofa-in-denim-blue-colour-by-w-cgcnub.jpg,$952,H 101 x W 153 x D 93,51.3 KG,Blue,Fabric,101,93,153,,Sofa,Model
Armchair Sofa,https://ii2.pepperfry.com/media/catalog/product/p/r/236x260/prestige-solid-wood-single-seater-sofa-by-ensemble-homes-prestige-solid-wood-single-seater-sofa-by-e-9trq5f.jpg,$272,H 91 x W 59 x D 50,19 KG,Black,Meranti Wood,91,50,59,,Sofa,Image
Strathford 2 Seater Sofa,https://ii1.pepperfry.com/media/catalog/product/s/t/568x284/strathford-2-seater-sofa-in-black-colour-by-adorn-homez-strathford-2-seater-sofa-in-black-colour-by--srsqnd.jpg,$680,H 81 x W 137 x D 84,29 KG,Black,Fabric,81,84,137,,Sofa,Model
Haaken 3 Seater Sofa,https://ii3.pepperfry.com/media/catalog/product/h/a/470x235/haaken-3-seater-sofa-in-blue-color----woodsworth-by-pepperfry-haaken-3-seater-sofa-in-blue-color-----a5mjqg.jpg,$1224,H 93 x W 204 x D 96,50 KG,Blue,Fabric,93,96,204,,Sofa,Model
Leandro 3 Seater Sofa,https://ii1.pepperfry.com/media/catalog/product/l/e/470x235/leandro-3-seater-sofa-in-brown-colour-by-fullstock-leandro-3-seater-sofa-in-brown-colour-by-fullstoc-yydk4k.jpg,$584,H 83 x W 187 x D 81,40.66 KG,Brown,Leatherette,83,81,187,,Sofa,Model
Turqoise Cushion Chair,https://selseyliving.co.uk/public/upload/sellasist_cache/original_ff8dd29fe802fb21d58c542e38c06a28.jpg,$150,H 81 x W 63 x D 53,5 KG,Turquoise,Fabric,81,53,63,,Chair,Model
Eames Replica Iconic Chair,https://img1.exportersindia.com/product_images/bc-full/2018/7/337031/rod-iron-cushion-chair-1533030308-4153118.jpeg,$55,H 82 x W 48 x D 48,3 KG,White,Plastic,82,48,48,,Chair,Model
Elegant Ergonomic Chair,https://ii2.pepperfry.com/media/catalog/product/e/l/236x260/elegant-ergonomic-chair-in-black-colour-by-adiko-systems-elegant-ergonomic-chair-in-black-colour-by--bmfjhw.jpg,$108,H 96 x W 63 x D 43,6 KG,Black,Breathable Mesh,96,43,63,,Chair,Image
Aura Wooden Chair,https://5.imimg.com/data5/OM/IM/MY-7745763/traditional-wooden-chair-500x500.jpg,$272,H 81 x W 45 x D 40,9 KG,Provincial Teak,Wood,81,40,45,,Chair,Model
Modern Armchair,https://raw.githubusercontent.com/microsoft/experimental-pcf-control-assets/master/modern_armchair.png,$32,H 86 x W 90 x D 85,6 KG,Black,Fabric,86,61,56,,Chair,Model
Industrial Table,https://preview.free3d.com/img/2019/03/2154876575114331687/qmzbd4nv-900.jpg,$200,H 139 x W 120 x D 50,40 KG,Provincial Teak,Engineered Wood,139,50,120,,Table,Model
Astero Center Table,https://ii1.pepperfry.com/media/catalog/product/a/s/236x260/astero-center-table-in-walnut-finish-by--home-astero-center-table-in-walnut-finish-by--home-djanof.jpg,$74,H 34 x W 99 x D 39,11 KG,Walnut,Engineered Wood,34,39,99,,Table,Model
Takashi Writing Table,https://ii1.pepperfry.com/media/catalog/product/t/a/236x260/takashi-writing-table-in-red-oak-colour-by-mintwud-takashi-writing-table-in-red-oak-colour-by-mintwu-pjgnro.jpg,$189,H 76 X W 121 X D 60,27 KG,Red Oak,Engineered Wood,76,60,121,,Table,Image
Modern coffee table,https://raw.githubusercontent.com/microsoft/experimental-pcf-control-assets/master/modern_coffee_table.png,$102,H 76 x W 127 x D 59,26.2 KG,Provincial Teak,Sheesham Wood,76,59,127,,Table,Model
Nightstand,https://raw.githubusercontent.com/microsoft/experimental-pcf-control-assets/master/nightstand.png,$400,H 40 x W 87 x D 87,20 KG,Provincial Teak,Sheesham Wood,40,87,87,,Table,Model
Nylon Abstract,https://ii2.pepperfry.com/media/catalog/product/b/l/236x260/blue-nylon-5x7-ft-abstract-pattern-carpet-by-status-blue-nylon-5x7-ft-abstract-pattern-carpet-by-sta-jpahpm.jpg,$94,L 213 x W 152,3.822 KG,Blue,Nylon,,,,0.004,Carpet,
Plain Solids Carpet,https://ii1.pepperfry.com/media/catalog/product/s/a/236x260/saral-home-soft-cotton-tufted-saggy-floor-carpet--90x150-cm-saral-home-soft-cotton-tufted-saggy-floo-o4psuu.jpg,$27,L 152 x W 91,2.7 KG,Grey,Cotton,,,,0.013,Carpet,
Microfibre Trellis Carpet,https://ii3.pepperfry.com/media/catalog/product/g/e/236x260/geometric-pattern-blue-70-x-46-inch-machine-made-carpet-by-saral-home-geometric-pattern-blue-70-x-46-kak4qg.jpg,$54,L 182 x W 121,5.6 KG,Blue,Microfibre,,,,0.0025,Carpet,
Wool Hand Tufted,https://ii3.pepperfry.com/media/catalog/product/f/l/236x260/floral-pattern-wool-hand-tufted-4-x-6-feet-carpet-by-jaipur-rugs-floral-pattern-wool-hand-tufted-4-x-pgfvbs.jpg,$109,L 167 x W 106,8.8 KG,Blue,Wool,,,,0.006,Carpet,
Jute Chevron,https://ii3.pepperfry.com/media/catalog/product/a/b/236x260/abstract-pattern-jute--84-x--60-inch-tufted-carpet-by-saral-home-abstract-pattern-jute--84-x--60-inc-cnf9pu.jpg,$47,L 213 x W 152,6.2 KG,Black,Jute,,,,0.0015,Carpet,
